<?xml version="1.0" encoding="UTF-8"?>
<!DOCTYPE configuration
  PUBLIC "-//mybatis.org//DTD Config 3.0//EN"
  "http://mybatis.org/dtd/mybatis-3-config.dtd">

  <configuration>
	<!-- 之所以我们需要添加一个mybaits的总体配置文件，目的是为了以后配置一些mybaits的插件 比如说分页插件 -->
	<plugins>
  		<plugin interceptor="com.github.pagehelper.PageHelper">
			<!-- 设置数据库类型 Oracle,Mysql,MariaDB,SQLite,Hsqldb,PostgreSQL六种数据库-->        
        	<property name="dialect" value="mysql"/>
		</plugin>
    </plugins>
	<mappers>
	   <!-- <mapper resource="ssm/mapper/UserProductsMapper.xml"></mapper>
		<mapper resource="ssm/mapper/Product_UserMapper.xml"></mapper>-->
    </mappers>
  </configuration>