<?xml version="1.0" encoding="UTF-8"?>
<!DOCTYPE mapper PUBLIC "-//mybatis.org//DTD Mapper 3.0//EN" "http://mybatis.org/dtd/mybatis-3-mapper.dtd">
<mapper namespace="ssm.mapper.AirlineMapper">
  <resultMap id="BaseResultMap" type="ssm.pojo.Airline">
    <id column="airline_id" jdbcType="INTEGER" property="airlineId" />
    <result column="airline_name" jdbcType="VARCHAR" property="airlineName" />
    <result column="own_discount" jdbcType="DOUBLE" property="ownDiscount" />
  </resultMap>
  <sql id="Example_Where_Clause">
    <where>
      <foreach collection="oredCriteria" item="criteria" separator="or">
        <if test="criteria.valid">
          <trim prefix="(" prefixOverrides="and" suffix=")">
            <foreach collection="criteria.criteria" item="criterion">
              <choose>
                <when test="criterion.noValue">
                  and ${criterion.condition}
                </when>
                <when test="criterion.singleValue">
                  and ${criterion.condition} #{criterion.value}
                </when>
                <when test="criterion.betweenValue">
                  and ${criterion.condition} #{criterion.value} and #{criterion.secondValue}
                </when>
                <when test="criterion.listValue">
                  and ${criterion.condition}
                  <foreach close=")" collection="criterion.value" item="listItem" open="(" separator=",">
                    #{listItem}
                  </foreach>
                </when>
              </choose>
            </foreach>
          </trim>
        </if>
      </foreach>
    </where>
  </sql>
  <sql id="Update_By_Example_Where_Clause">
    <where>
      <foreach collection="example.oredCriteria" item="criteria" separator="or">
        <if test="criteria.valid">
          <trim prefix="(" prefixOverrides="and" suffix=")">
            <foreach collection="criteria.criteria" item="criterion">
              <choose>
                <when test="criterion.noValue">
                  and ${criterion.condition}
                </when>
                <when test="criterion.singleValue">
                  and ${criterion.condition} #{criterion.value}
                </when>
                <when test="criterion.betweenValue">
                  and ${criterion.condition} #{criterion.value} and #{criterion.secondValue}
                </when>
                <when test="criterion.listValue">
                  and ${criterion.condition}
                  <foreach close=")" collection="criterion.value" item="listItem" open="(" separator=",">
                    #{listItem}
                  </foreach>
                </when>
              </choose>
            </foreach>
          </trim>
        </if>
      </foreach>
    </where>
  </sql>
  <sql id="Base_Column_List">
    airline_id, airline_name, own_discount
  </sql>
  <select id="selectByExample" parameterType="ssm.pojo.AirlineExample" resultMap="BaseResultMap">
    select
    <if test="distinct">
      distinct
    </if>
    <include refid="Base_Column_List" />
    from airline
    <if test="_parameter != null">
      <include refid="Example_Where_Clause" />
    </if>
    <if test="orderByClause != null">
      order by ${orderByClause}
    </if>
  </select>
  <select id="selectByPrimaryKey" parameterType="java.lang.Integer" resultMap="BaseResultMap">
    select 
    <include refid="Base_Column_List" />
    from airline
    where airline_id = #{airlineId,jdbcType=INTEGER}
  </select>
  <delete id="deleteByPrimaryKey" parameterType="java.lang.Integer">
    delete from airline
    where airline_id = #{airlineId,jdbcType=INTEGER}
  </delete>
  <delete id="deleteByExample" parameterType="ssm.pojo.AirlineExample">
    delete from airline
    <if test="_parameter != null">
      <include refid="Example_Where_Clause" />
    </if>
  </delete>
  <insert id="insert" parameterType="ssm.pojo.Airline">
    insert into airline (airline_id, airline_name, own_discount
      )
    values (#{airlineId,jdbcType=INTEGER}, #{airlineName,jdbcType=VARCHAR}, #{ownDiscount,jdbcType=DOUBLE}
      )
  </insert>
  <insert id="insertSelective" parameterType="ssm.pojo.Airline">
    insert into airline
    <trim prefix="(" suffix=")" suffixOverrides=",">
      <if test="airlineId != null">
        airline_id,
      </if>
      <if test="airlineName != null">
        airline_name,
      </if>
      <if test="ownDiscount != null">
        own_discount,
      </if>
    </trim>
    <trim prefix="values (" suffix=")" suffixOverrides=",">
      <if test="airlineId != null">
        #{airlineId,jdbcType=INTEGER},
      </if>
      <if test="airlineName != null">
        #{airlineName,jdbcType=VARCHAR},
      </if>
      <if test="ownDiscount != null">
        #{ownDiscount,jdbcType=DOUBLE},
      </if>
    </trim>
  </insert>
  <select id="countByExample" parameterType="ssm.pojo.AirlineExample" resultType="java.lang.Integer">
    select count(*) from airline
    <if test="_parameter != null">
      <include refid="Example_Where_Clause" />
    </if>
  </select>
  <update id="updateByExampleSelective" parameterType="map">
    update airline
    <set>
      <if test="record.airlineId != null">
        airline_id = #{record.airlineId,jdbcType=INTEGER},
      </if>
      <if test="record.airlineName != null">
        airline_name = #{record.airlineName,jdbcType=VARCHAR},
      </if>
      <if test="record.ownDiscount != null">
        own_discount = #{record.ownDiscount,jdbcType=DOUBLE},
      </if>
    </set>
    <if test="_parameter != null">
      <include refid="Update_By_Example_Where_Clause" />
    </if>
  </update>
  <update id="updateByExample" parameterType="map">
    update airline
    set airline_id = #{record.airlineId,jdbcType=INTEGER},
      airline_name = #{record.airlineName,jdbcType=VARCHAR},
      own_discount = #{record.ownDiscount,jdbcType=DOUBLE}
    <if test="_parameter != null">
      <include refid="Update_By_Example_Where_Clause" />
    </if>
  </update>
  <update id="updateByPrimaryKeySelective" parameterType="ssm.pojo.Airline">
    update airline
    <set>
      <if test="airlineName != null">
        airline_name = #{airlineName,jdbcType=VARCHAR},
      </if>
      <if test="ownDiscount != null">
        own_discount = #{ownDiscount,jdbcType=DOUBLE},
      </if>
    </set>
    where airline_id = #{airlineId,jdbcType=INTEGER}
  </update>
  <update id="updateByPrimaryKey" parameterType="ssm.pojo.Airline">
    update airline
    set airline_name = #{airlineName,jdbcType=VARCHAR},
      own_discount = #{ownDiscount,jdbcType=DOUBLE}
    where airline_id = #{airlineId,jdbcType=INTEGER}
  </update>
</mapper>