<?xml version="1.0" encoding="UTF-8"?>
<!DOCTYPE mapper PUBLIC "-//mybatis.org//DTD Mapper 3.0//EN" "http://mybatis.org/dtd/mybatis-3-mapper.dtd">
<mapper namespace="ssm.mapper.AirlineAirplaneMapper">
  <resultMap id="BaseResultMap" type="ssm.pojo.AirlineAirplane">
    <id column="airline-airplane_id" jdbcType="INTEGER" property="airlineAirplaneId" />
    <result column="airline_id_fk" jdbcType="INTEGER" property="airlineIdFk" />
    <result column="airplane_id_fk" jdbcType="INTEGER" property="airplaneIdFk" />
  </resultMap>
  <sql id="Example_Where_Clause">
    <where>
      <foreach collection="oredCriteria" item="criteria" separator="or">
        <if test="criteria.valid">
          <trim prefix="(" prefixOverrides="and" suffix=")">
            <foreach collection="criteria.criteria" item="criterion">
              <choose>
                <when test="criterion.noValue">
                  and ${criterion.condition}
                </when>
                <when test="criterion.singleValue">
                  and ${criterion.condition} #{criterion.value}
                </when>
                <when test="criterion.betweenValue">
                  and ${criterion.condition} #{criterion.value} and #{criterion.secondValue}
                </when>
                <when test="criterion.listValue">
                  and ${criterion.condition}
                  <foreach close=")" collection="criterion.value" item="listItem" open="(" separator=",">
                    #{listItem}
                  </foreach>
                </when>
              </choose>
            </foreach>
          </trim>
        </if>
      </foreach>
    </where>
  </sql>
  <sql id="Update_By_Example_Where_Clause">
    <where>
      <foreach collection="example.oredCriteria" item="criteria" separator="or">
        <if test="criteria.valid">
          <trim prefix="(" prefixOverrides="and" suffix=")">
            <foreach collection="criteria.criteria" item="criterion">
              <choose>
                <when test="criterion.noValue">
                  and ${criterion.condition}
                </when>
                <when test="criterion.singleValue">
                  and ${criterion.condition} #{criterion.value}
                </when>
                <when test="criterion.betweenValue">
                  and ${criterion.condition} #{criterion.value} and #{criterion.secondValue}
                </when>
                <when test="criterion.listValue">
                  and ${criterion.condition}
                  <foreach close=")" collection="criterion.value" item="listItem" open="(" separator=",">
                    #{listItem}
                  </foreach>
                </when>
              </choose>
            </foreach>
          </trim>
        </if>
      </foreach>
    </where>
  </sql>
  <sql id="Base_Column_List">
    airline-airplane_id, airline_id_fk, airplane_id_fk
  </sql>
  <select id="selectByExample" parameterType="ssm.pojo.AirlineAirplaneExample" resultMap="BaseResultMap">
    select
    <if test="distinct">
      distinct
    </if>
    <include refid="Base_Column_List" />
    from airline_airplane
    <if test="_parameter != null">
      <include refid="Example_Where_Clause" />
    </if>
    <if test="orderByClause != null">
      order by ${orderByClause}
    </if>
  </select>
  <select id="selectByPrimaryKey" parameterType="java.lang.Integer" resultMap="BaseResultMap">
    select 
    <include refid="Base_Column_List" />
    from airline_airplane
    where airline-airplane_id = #{airlineAirplaneId,jdbcType=INTEGER}
  </select>
  <delete id="deleteByPrimaryKey" parameterType="java.lang.Integer">
    delete from airline_airplane
    where airline-airplane_id = #{airlineAirplaneId,jdbcType=INTEGER}
  </delete>
  <delete id="deleteByExample" parameterType="ssm.pojo.AirlineAirplaneExample">
    delete from airline_airplane
    <if test="_parameter != null">
      <include refid="Example_Where_Clause" />
    </if>
  </delete>
  <insert id="insert" parameterType="ssm.pojo.AirlineAirplane">
    insert into airline_airplane (airline-airplane_id, airline_id_fk, airplane_id_fk
      )
    values (#{airlineAirplaneId,jdbcType=INTEGER}, #{airlineIdFk,jdbcType=INTEGER}, #{airplaneIdFk,jdbcType=INTEGER}
      )
  </insert>
  <insert id="insertSelective" parameterType="ssm.pojo.AirlineAirplane">
    insert into airline_airplane
    <trim prefix="(" suffix=")" suffixOverrides=",">
      <if test="airlineAirplaneId != null">
        airline-airplane_id,
      </if>
      <if test="airlineIdFk != null">
        airline_id_fk,
      </if>
      <if test="airplaneIdFk != null">
        airplane_id_fk,
      </if>
    </trim>
    <trim prefix="values (" suffix=")" suffixOverrides=",">
      <if test="airlineAirplaneId != null">
        #{airlineAirplaneId,jdbcType=INTEGER},
      </if>
      <if test="airlineIdFk != null">
        #{airlineIdFk,jdbcType=INTEGER},
      </if>
      <if test="airplaneIdFk != null">
        #{airplaneIdFk,jdbcType=INTEGER},
      </if>
    </trim>
  </insert>
  <select id="countByExample" parameterType="ssm.pojo.AirlineAirplaneExample" resultType="java.lang.Integer">
    select count(*) from airline_airplane
    <if test="_parameter != null">
      <include refid="Example_Where_Clause" />
    </if>
  </select>
  <update id="updateByExampleSelective" parameterType="map">
    update airline_airplane
    <set>
      <if test="record.airlineAirplaneId != null">
        airline-airplane_id = #{record.airlineAirplaneId,jdbcType=INTEGER},
      </if>
      <if test="record.airlineIdFk != null">
        airline_id_fk = #{record.airlineIdFk,jdbcType=INTEGER},
      </if>
      <if test="record.airplaneIdFk != null">
        airplane_id_fk = #{record.airplaneIdFk,jdbcType=INTEGER},
      </if>
    </set>
    <if test="_parameter != null">
      <include refid="Update_By_Example_Where_Clause" />
    </if>
  </update>
  <update id="updateByExample" parameterType="map">
    update airline_airplane
    set airline-airplane_id = #{record.airlineAirplaneId,jdbcType=INTEGER},
      airline_id_fk = #{record.airlineIdFk,jdbcType=INTEGER},
      airplane_id_fk = #{record.airplaneIdFk,jdbcType=INTEGER}
    <if test="_parameter != null">
      <include refid="Update_By_Example_Where_Clause" />
    </if>
  </update>
  <update id="updateByPrimaryKeySelective" parameterType="ssm.pojo.AirlineAirplane">
    update airline_airplane
    <set>
      <if test="airlineIdFk != null">
        airline_id_fk = #{airlineIdFk,jdbcType=INTEGER},
      </if>
      <if test="airplaneIdFk != null">
        airplane_id_fk = #{airplaneIdFk,jdbcType=INTEGER},
      </if>
    </set>
    where airline-airplane_id = #{airlineAirplaneId,jdbcType=INTEGER}
  </update>
  <update id="updateByPrimaryKey" parameterType="ssm.pojo.AirlineAirplane">
    update airline_airplane
    set airline_id_fk = #{airlineIdFk,jdbcType=INTEGER},
      airplane_id_fk = #{airplaneIdFk,jdbcType=INTEGER}
    where airline-airplane_id = #{airlineAirplaneId,jdbcType=INTEGER}
  </update>
</mapper>