<?xml version="1.0" encoding="UTF-8"?>
<!DOCTYPE mapper PUBLIC "-//mybatis.org//DTD Mapper 3.0//EN" "http://mybatis.org/dtd/mybatis-3-mapper.dtd">
<mapper namespace="ssm.mapper.AirplaneMapper">
  <resultMap id="BaseResultMap" type="ssm.pojo.Airplane">
    <id column="airplane_id" jdbcType="INTEGER" property="airplaneId" />
    <result column="airplane_name" jdbcType="VARCHAR" property="airplaneName" />
    <result column="airplane_type" jdbcType="VARCHAR" property="airplaneType" />
  </resultMap>
  <sql id="Example_Where_Clause">
    <where>
      <foreach collection="oredCriteria" item="criteria" separator="or">
        <if test="criteria.valid">
          <trim prefix="(" prefixOverrides="and" suffix=")">
            <foreach collection="criteria.criteria" item="criterion">
              <choose>
                <when test="criterion.noValue">
                  and ${criterion.condition}
                </when>
                <when test="criterion.singleValue">
                  and ${criterion.condition} #{criterion.value}
                </when>
                <when test="criterion.betweenValue">
                  and ${criterion.condition} #{criterion.value} and #{criterion.secondValue}
                </when>
                <when test="criterion.listValue">
                  and ${criterion.condition}
                  <foreach close=")" collection="criterion.value" item="listItem" open="(" separator=",">
                    #{listItem}
                  </foreach>
                </when>
              </choose>
            </foreach>
          </trim>
        </if>
      </foreach>
    </where>
  </sql>
  <sql id="Update_By_Example_Where_Clause">
    <where>
      <foreach collection="example.oredCriteria" item="criteria" separator="or">
        <if test="criteria.valid">
          <trim prefix="(" prefixOverrides="and" suffix=")">
            <foreach collection="criteria.criteria" item="criterion">
              <choose>
                <when test="criterion.noValue">
                  and ${criterion.condition}
                </when>
                <when test="criterion.singleValue">
                  and ${criterion.condition} #{criterion.value}
                </when>
                <when test="criterion.betweenValue">
                  and ${criterion.condition} #{criterion.value} and #{criterion.secondValue}
                </when>
                <when test="criterion.listValue">
                  and ${criterion.condition}
                  <foreach close=")" collection="criterion.value" item="listItem" open="(" separator=",">
                    #{listItem}
                  </foreach>
                </when>
              </choose>
            </foreach>
          </trim>
        </if>
      </foreach>
    </where>
  </sql>
  <sql id="Base_Column_List">
    airplane_id, airplane_name, airplane_type
  </sql>
  <select id="selectByExample" parameterType="ssm.pojo.AirplaneExample" resultMap="BaseResultMap">
    select
    <if test="distinct">
      distinct
    </if>
    <include refid="Base_Column_List" />
    from airplane
    <if test="_parameter != null">
      <include refid="Example_Where_Clause" />
    </if>
    <if test="orderByClause != null">
      order by ${orderByClause}
    </if>
  </select>
  <select id="selectByPrimaryKey" parameterType="java.lang.Integer" resultMap="BaseResultMap">
    select 
    <include refid="Base_Column_List" />
    from airplane
    where airplane_id = #{airplaneId,jdbcType=INTEGER}
  </select>
  <delete id="deleteByPrimaryKey" parameterType="java.lang.Integer">
    delete from airplane
    where airplane_id = #{airplaneId,jdbcType=INTEGER}
  </delete>
  <delete id="deleteByExample" parameterType="ssm.pojo.AirplaneExample">
    delete from airplane
    <if test="_parameter != null">
      <include refid="Example_Where_Clause" />
    </if>
  </delete>
  <insert id="insert" parameterType="ssm.pojo.Airplane">
    insert into airplane (airplane_id, airplane_name, airplane_type
      )
    values (#{airplaneId,jdbcType=INTEGER}, #{airplaneName,jdbcType=VARCHAR}, #{airplaneType,jdbcType=VARCHAR}
      )
  </insert>
  <insert id="insertSelective" parameterType="ssm.pojo.Airplane">
    insert into airplane
    <trim prefix="(" suffix=")" suffixOverrides=",">
      <if test="airplaneId != null">
        airplane_id,
      </if>
      <if test="airplaneName != null">
        airplane_name,
      </if>
      <if test="airplaneType != null">
        airplane_type,
      </if>
    </trim>
    <trim prefix="values (" suffix=")" suffixOverrides=",">
      <if test="airplaneId != null">
        #{airplaneId,jdbcType=INTEGER},
      </if>
      <if test="airplaneName != null">
        #{airplaneName,jdbcType=VARCHAR},
      </if>
      <if test="airplaneType != null">
        #{airplaneType,jdbcType=VARCHAR},
      </if>
    </trim>
  </insert>
  <select id="countByExample" parameterType="ssm.pojo.AirplaneExample" resultType="java.lang.Integer">
    select count(*) from airplane
    <if test="_parameter != null">
      <include refid="Example_Where_Clause" />
    </if>
  </select>
  <update id="updateByExampleSelective" parameterType="map">
    update airplane
    <set>
      <if test="record.airplaneId != null">
        airplane_id = #{record.airplaneId,jdbcType=INTEGER},
      </if>
      <if test="record.airplaneName != null">
        airplane_name = #{record.airplaneName,jdbcType=VARCHAR},
      </if>
      <if test="record.airplaneType != null">
        airplane_type = #{record.airplaneType,jdbcType=VARCHAR},
      </if>
    </set>
    <if test="_parameter != null">
      <include refid="Update_By_Example_Where_Clause" />
    </if>
  </update>
  <update id="updateByExample" parameterType="map">
    update airplane
    set airplane_id = #{record.airplaneId,jdbcType=INTEGER},
      airplane_name = #{record.airplaneName,jdbcType=VARCHAR},
      airplane_type = #{record.airplaneType,jdbcType=VARCHAR}
    <if test="_parameter != null">
      <include refid="Update_By_Example_Where_Clause" />
    </if>
  </update>
  <update id="updateByPrimaryKeySelective" parameterType="ssm.pojo.Airplane">
    update airplane
    <set>
      <if test="airplaneName != null">
        airplane_name = #{airplaneName,jdbcType=VARCHAR},
      </if>
      <if test="airplaneType != null">
        airplane_type = #{airplaneType,jdbcType=VARCHAR},
      </if>
    </set>
    where airplane_id = #{airplaneId,jdbcType=INTEGER}
  </update>
  <update id="updateByPrimaryKey" parameterType="ssm.pojo.Airplane">
    update airplane
    set airplane_name = #{airplaneName,jdbcType=VARCHAR},
      airplane_type = #{airplaneType,jdbcType=VARCHAR}
    where airplane_id = #{airplaneId,jdbcType=INTEGER}
  </update>
</mapper>