<?xml version="1.0" encoding="UTF-8"?>
<!DOCTYPE mapper PUBLIC "-//mybatis.org//DTD Mapper 3.0//EN" "http://mybatis.org/dtd/mybatis-3-mapper.dtd">
<mapper namespace="ssm.mapper.AirportFlightMapper">
  <resultMap id="BaseResultMap" type="ssm.pojo.AirportFlight">
    <id column="airport-flight_id" jdbcType="INTEGER" property="airportFlightId" />
    <result column="airport_id_fk" jdbcType="INTEGER" property="airportIdFk" />
    <result column="flight_id_fk" jdbcType="INTEGER" property="flightIdFk" />
  </resultMap>
  <sql id="Example_Where_Clause">
    <where>
      <foreach collection="oredCriteria" item="criteria" separator="or">
        <if test="criteria.valid">
          <trim prefix="(" prefixOverrides="and" suffix=")">
            <foreach collection="criteria.criteria" item="criterion">
              <choose>
                <when test="criterion.noValue">
                  and ${criterion.condition}
                </when>
                <when test="criterion.singleValue">
                  and ${criterion.condition} #{criterion.value}
                </when>
                <when test="criterion.betweenValue">
                  and ${criterion.condition} #{criterion.value} and #{criterion.secondValue}
                </when>
                <when test="criterion.listValue">
                  and ${criterion.condition}
                  <foreach close=")" collection="criterion.value" item="listItem" open="(" separator=",">
                    #{listItem}
                  </foreach>
                </when>
              </choose>
            </foreach>
          </trim>
        </if>
      </foreach>
    </where>
  </sql>
  <sql id="Update_By_Example_Where_Clause">
    <where>
      <foreach collection="example.oredCriteria" item="criteria" separator="or">
        <if test="criteria.valid">
          <trim prefix="(" prefixOverrides="and" suffix=")">
            <foreach collection="criteria.criteria" item="criterion">
              <choose>
                <when test="criterion.noValue">
                  and ${criterion.condition}
                </when>
                <when test="criterion.singleValue">
                  and ${criterion.condition} #{criterion.value}
                </when>
                <when test="criterion.betweenValue">
                  and ${criterion.condition} #{criterion.value} and #{criterion.secondValue}
                </when>
                <when test="criterion.listValue">
                  and ${criterion.condition}
                  <foreach close=")" collection="criterion.value" item="listItem" open="(" separator=",">
                    #{listItem}
                  </foreach>
                </when>
              </choose>
            </foreach>
          </trim>
        </if>
      </foreach>
    </where>
  </sql>
  <sql id="Base_Column_List">
    airport-flight_id, airport_id_fk, flight_id_fk
  </sql>
  <select id="selectByExample" parameterType="ssm.pojo.AirportFlightExample" resultMap="BaseResultMap">
    select
    <if test="distinct">
      distinct
    </if>
    <include refid="Base_Column_List" />
    from airport_flight
    <if test="_parameter != null">
      <include refid="Example_Where_Clause" />
    </if>
    <if test="orderByClause != null">
      order by ${orderByClause}
    </if>
  </select>
  <select id="selectByPrimaryKey" parameterType="java.lang.Integer" resultMap="BaseResultMap">
    select 
    <include refid="Base_Column_List" />
    from airport_flight
    where airport-flight_id = #{airportFlightId,jdbcType=INTEGER}
  </select>
  <delete id="deleteByPrimaryKey" parameterType="java.lang.Integer">
    delete from airport_flight
    where airport-flight_id = #{airportFlightId,jdbcType=INTEGER}
  </delete>
  <delete id="deleteByExample" parameterType="ssm.pojo.AirportFlightExample">
    delete from airport_flight
    <if test="_parameter != null">
      <include refid="Example_Where_Clause" />
    </if>
  </delete>
  <insert id="insert" parameterType="ssm.pojo.AirportFlight">
    insert into airport_flight (airport-flight_id, airport_id_fk, flight_id_fk
      )
    values (#{airportFlightId,jdbcType=INTEGER}, #{airportIdFk,jdbcType=INTEGER}, #{flightIdFk,jdbcType=INTEGER}
      )
  </insert>
  <insert id="insertSelective" parameterType="ssm.pojo.AirportFlight">
    insert into airport_flight
    <trim prefix="(" suffix=")" suffixOverrides=",">
      <if test="airportFlightId != null">
        airport-flight_id,
      </if>
      <if test="airportIdFk != null">
        airport_id_fk,
      </if>
      <if test="flightIdFk != null">
        flight_id_fk,
      </if>
    </trim>
    <trim prefix="values (" suffix=")" suffixOverrides=",">
      <if test="airportFlightId != null">
        #{airportFlightId,jdbcType=INTEGER},
      </if>
      <if test="airportIdFk != null">
        #{airportIdFk,jdbcType=INTEGER},
      </if>
      <if test="flightIdFk != null">
        #{flightIdFk,jdbcType=INTEGER},
      </if>
    </trim>
  </insert>
  <select id="countByExample" parameterType="ssm.pojo.AirportFlightExample" resultType="java.lang.Integer">
    select count(*) from airport_flight
    <if test="_parameter != null">
      <include refid="Example_Where_Clause" />
    </if>
  </select>
  <update id="updateByExampleSelective" parameterType="map">
    update airport_flight
    <set>
      <if test="record.airportFlightId != null">
        airport-flight_id = #{record.airportFlightId,jdbcType=INTEGER},
      </if>
      <if test="record.airportIdFk != null">
        airport_id_fk = #{record.airportIdFk,jdbcType=INTEGER},
      </if>
      <if test="record.flightIdFk != null">
        flight_id_fk = #{record.flightIdFk,jdbcType=INTEGER},
      </if>
    </set>
    <if test="_parameter != null">
      <include refid="Update_By_Example_Where_Clause" />
    </if>
  </update>
  <update id="updateByExample" parameterType="map">
    update airport_flight
    set airport-flight_id = #{record.airportFlightId,jdbcType=INTEGER},
      airport_id_fk = #{record.airportIdFk,jdbcType=INTEGER},
      flight_id_fk = #{record.flightIdFk,jdbcType=INTEGER}
    <if test="_parameter != null">
      <include refid="Update_By_Example_Where_Clause" />
    </if>
  </update>
  <update id="updateByPrimaryKeySelective" parameterType="ssm.pojo.AirportFlight">
    update airport_flight
    <set>
      <if test="airportIdFk != null">
        airport_id_fk = #{airportIdFk,jdbcType=INTEGER},
      </if>
      <if test="flightIdFk != null">
        flight_id_fk = #{flightIdFk,jdbcType=INTEGER},
      </if>
    </set>
    where airport-flight_id = #{airportFlightId,jdbcType=INTEGER}
  </update>
  <update id="updateByPrimaryKey" parameterType="ssm.pojo.AirportFlight">
    update airport_flight
    set airport_id_fk = #{airportIdFk,jdbcType=INTEGER},
      flight_id_fk = #{flightIdFk,jdbcType=INTEGER}
    where airport-flight_id = #{airportFlightId,jdbcType=INTEGER}
  </update>
</mapper>