<?xml version="1.0" encoding="UTF-8"?>
<!DOCTYPE mapper PUBLIC "-//mybatis.org//DTD Mapper 3.0//EN" "http://mybatis.org/dtd/mybatis-3-mapper.dtd">
<mapper namespace="ssm.mapper.AirportMapper">
  <resultMap id="BaseResultMap" type="ssm.pojo.Airport">
    <id column="airport_id" jdbcType="INTEGER" property="airportId" />
    <result column="airport_name" jdbcType="VARCHAR" property="airportName" />
    <result column="airport_city" jdbcType="VARCHAR" property="airportCity" />
    <result column="airport_country" jdbcType="VARCHAR" property="airportCountry" />
    <result column="connectionTime" jdbcType="DOUBLE" property="connectiontime" />
  </resultMap>
  <sql id="Example_Where_Clause">
    <where>
      <foreach collection="oredCriteria" item="criteria" separator="or">
        <if test="criteria.valid">
          <trim prefix="(" prefixOverrides="and" suffix=")">
            <foreach collection="criteria.criteria" item="criterion">
              <choose>
                <when test="criterion.noValue">
                  and ${criterion.condition}
                </when>
                <when test="criterion.singleValue">
                  and ${criterion.condition} #{criterion.value}
                </when>
                <when test="criterion.betweenValue">
                  and ${criterion.condition} #{criterion.value} and #{criterion.secondValue}
                </when>
                <when test="criterion.listValue">
                  and ${criterion.condition}
                  <foreach close=")" collection="criterion.value" item="listItem" open="(" separator=",">
                    #{listItem}
                  </foreach>
                </when>
              </choose>
            </foreach>
          </trim>
        </if>
      </foreach>
    </where>
  </sql>
  <sql id="Update_By_Example_Where_Clause">
    <where>
      <foreach collection="example.oredCriteria" item="criteria" separator="or">
        <if test="criteria.valid">
          <trim prefix="(" prefixOverrides="and" suffix=")">
            <foreach collection="criteria.criteria" item="criterion">
              <choose>
                <when test="criterion.noValue">
                  and ${criterion.condition}
                </when>
                <when test="criterion.singleValue">
                  and ${criterion.condition} #{criterion.value}
                </when>
                <when test="criterion.betweenValue">
                  and ${criterion.condition} #{criterion.value} and #{criterion.secondValue}
                </when>
                <when test="criterion.listValue">
                  and ${criterion.condition}
                  <foreach close=")" collection="criterion.value" item="listItem" open="(" separator=",">
                    #{listItem}
                  </foreach>
                </when>
              </choose>
            </foreach>
          </trim>
        </if>
      </foreach>
    </where>
  </sql>
  <sql id="Base_Column_List">
    airport_id, airport_name, airport_city, airport_country, connectionTime
  </sql>
  <select id="selectByExample" parameterType="ssm.pojo.AirportExample" resultMap="BaseResultMap">
    select
    <if test="distinct">
      distinct
    </if>
    <include refid="Base_Column_List" />
    from airport
    <if test="_parameter != null">
      <include refid="Example_Where_Clause" />
    </if>
    <if test="orderByClause != null">
      order by ${orderByClause}
    </if>
  </select>
  <select id="selectByPrimaryKey" parameterType="java.lang.Integer" resultMap="BaseResultMap">
    select 
    <include refid="Base_Column_List" />
    from airport
    where airport_id = #{airportId,jdbcType=INTEGER}
  </select>
  <delete id="deleteByPrimaryKey" parameterType="java.lang.Integer">
    delete from airport
    where airport_id = #{airportId,jdbcType=INTEGER}
  </delete>
  <delete id="deleteByExample" parameterType="ssm.pojo.AirportExample">
    delete from airport
    <if test="_parameter != null">
      <include refid="Example_Where_Clause" />
    </if>
  </delete>
  <insert id="insert" parameterType="ssm.pojo.Airport">
    insert into airport (airport_id, airport_name, airport_city, 
      airport_country, connectionTime)
    values (#{airportId,jdbcType=INTEGER}, #{airportName,jdbcType=VARCHAR}, #{airportCity,jdbcType=VARCHAR}, 
      #{airportCountry,jdbcType=VARCHAR}, #{connectiontime,jdbcType=DOUBLE})
  </insert>
  <insert id="insertSelective" parameterType="ssm.pojo.Airport">
    insert into airport
    <trim prefix="(" suffix=")" suffixOverrides=",">
      <if test="airportId != null">
        airport_id,
      </if>
      <if test="airportName != null">
        airport_name,
      </if>
      <if test="airportCity != null">
        airport_city,
      </if>
      <if test="airportCountry != null">
        airport_country,
      </if>
      <if test="connectiontime != null">
        connectionTime,
      </if>
    </trim>
    <trim prefix="values (" suffix=")" suffixOverrides=",">
      <if test="airportId != null">
        #{airportId,jdbcType=INTEGER},
      </if>
      <if test="airportName != null">
        #{airportName,jdbcType=VARCHAR},
      </if>
      <if test="airportCity != null">
        #{airportCity,jdbcType=VARCHAR},
      </if>
      <if test="airportCountry != null">
        #{airportCountry,jdbcType=VARCHAR},
      </if>
      <if test="connectiontime != null">
        #{connectiontime,jdbcType=DOUBLE},
      </if>
    </trim>
  </insert>
  <select id="countByExample" parameterType="ssm.pojo.AirportExample" resultType="java.lang.Integer">
    select count(*) from airport
    <if test="_parameter != null">
      <include refid="Example_Where_Clause" />
    </if>
  </select>
  <update id="updateByExampleSelective" parameterType="map">
    update airport
    <set>
      <if test="record.airportId != null">
        airport_id = #{record.airportId,jdbcType=INTEGER},
      </if>
      <if test="record.airportName != null">
        airport_name = #{record.airportName,jdbcType=VARCHAR},
      </if>
      <if test="record.airportCity != null">
        airport_city = #{record.airportCity,jdbcType=VARCHAR},
      </if>
      <if test="record.airportCountry != null">
        airport_country = #{record.airportCountry,jdbcType=VARCHAR},
      </if>
      <if test="record.connectiontime != null">
        connectionTime = #{record.connectiontime,jdbcType=DOUBLE},
      </if>
    </set>
    <if test="_parameter != null">
      <include refid="Update_By_Example_Where_Clause" />
    </if>
  </update>
  <update id="updateByExample" parameterType="map">
    update airport
    set airport_id = #{record.airportId,jdbcType=INTEGER},
      airport_name = #{record.airportName,jdbcType=VARCHAR},
      airport_city = #{record.airportCity,jdbcType=VARCHAR},
      airport_country = #{record.airportCountry,jdbcType=VARCHAR},
      connectionTime = #{record.connectiontime,jdbcType=DOUBLE}
    <if test="_parameter != null">
      <include refid="Update_By_Example_Where_Clause" />
    </if>
  </update>
  <update id="updateByPrimaryKeySelective" parameterType="ssm.pojo.Airport">
    update airport
    <set>
      <if test="airportName != null">
        airport_name = #{airportName,jdbcType=VARCHAR},
      </if>
      <if test="airportCity != null">
        airport_city = #{airportCity,jdbcType=VARCHAR},
      </if>
      <if test="airportCountry != null">
        airport_country = #{airportCountry,jdbcType=VARCHAR},
      </if>
      <if test="connectiontime != null">
        connectionTime = #{connectiontime,jdbcType=DOUBLE},
      </if>
    </set>
    where airport_id = #{airportId,jdbcType=INTEGER}
  </update>
  <update id="updateByPrimaryKey" parameterType="ssm.pojo.Airport">
    update airport
    set airport_name = #{airportName,jdbcType=VARCHAR},
      airport_city = #{airportCity,jdbcType=VARCHAR},
      airport_country = #{airportCountry,jdbcType=VARCHAR},
      connectionTime = #{connectiontime,jdbcType=DOUBLE}
    where airport_id = #{airportId,jdbcType=INTEGER}
  </update>
</mapper>