<?xml version="1.0" encoding="UTF-8"?>
<!DOCTYPE mapper PUBLIC "-//mybatis.org//DTD Mapper 3.0//EN" "http://mybatis.org/dtd/mybatis-3-mapper.dtd">
<mapper namespace="ssm.mapper.FlightMapper">
  <resultMap id="BaseResultMap" type="ssm.pojo.Flight">
    <id column="flight_id" jdbcType="INTEGER" property="flightId" />
    <result column="flight_name" jdbcType="VARCHAR" property="flightName" />
    <result column="departureAirportId" jdbcType="INTEGER" property="departureairportid" />
    <result column="arrivalAirportId" jdbcType="INTEGER" property="arrivalairportid" />
    <result column="departureTime" jdbcType="TIME" property="departuretime" />
    <result column="arrivalTime" jdbcType="TIME" property="arrivaltime" />
    <result column="fare" jdbcType="DOUBLE" property="fare" />
    <result column="airplane_id_fk" jdbcType="INTEGER" property="airplaneIdFk" />
    <result column="airline_id_fk" jdbcType="INTEGER" property="airlineIdFk" />
  </resultMap>
  <sql id="Example_Where_Clause">
    <where>
      <foreach collection="oredCriteria" item="criteria" separator="or">
        <if test="criteria.valid">
          <trim prefix="(" prefixOverrides="and" suffix=")">
            <foreach collection="criteria.criteria" item="criterion">
              <choose>
                <when test="criterion.noValue">
                  and ${criterion.condition}
                </when>
                <when test="criterion.singleValue">
                  and ${criterion.condition} #{criterion.value}
                </when>
                <when test="criterion.betweenValue">
                  and ${criterion.condition} #{criterion.value} and #{criterion.secondValue}
                </when>
                <when test="criterion.listValue">
                  and ${criterion.condition}
                  <foreach close=")" collection="criterion.value" item="listItem" open="(" separator=",">
                    #{listItem}
                  </foreach>
                </when>
              </choose>
            </foreach>
          </trim>
        </if>
      </foreach>
    </where>
  </sql>
  <sql id="Update_By_Example_Where_Clause">
    <where>
      <foreach collection="example.oredCriteria" item="criteria" separator="or">
        <if test="criteria.valid">
          <trim prefix="(" prefixOverrides="and" suffix=")">
            <foreach collection="criteria.criteria" item="criterion">
              <choose>
                <when test="criterion.noValue">
                  and ${criterion.condition}
                </when>
                <when test="criterion.singleValue">
                  and ${criterion.condition} #{criterion.value}
                </when>
                <when test="criterion.betweenValue">
                  and ${criterion.condition} #{criterion.value} and #{criterion.secondValue}
                </when>
                <when test="criterion.listValue">
                  and ${criterion.condition}
                  <foreach close=")" collection="criterion.value" item="listItem" open="(" separator=",">
                    #{listItem}
                  </foreach>
                </when>
              </choose>
            </foreach>
          </trim>
        </if>
      </foreach>
    </where>
  </sql>
  <sql id="Base_Column_List">
    flight_id, flight_name, departureAirportId, arrivalAirportId, departureTime, arrivalTime, 
    fare, airplane_id_fk, airline_id_fk
  </sql>
  <select id="selectByExample" parameterType="ssm.pojo.FlightExample" resultMap="BaseResultMap">
    select
    <if test="distinct">
      distinct
    </if>
    <include refid="Base_Column_List" />
    from flight
    <if test="_parameter != null">
      <include refid="Example_Where_Clause" />
    </if>
    <if test="orderByClause != null">
      order by ${orderByClause}
    </if>
  </select>
  <select id="selectByPrimaryKey" parameterType="java.lang.Integer" resultMap="BaseResultMap">
    select 
    <include refid="Base_Column_List" />
    from flight
    where flight_id = #{flightId,jdbcType=INTEGER}
  </select>
  <delete id="deleteByPrimaryKey" parameterType="java.lang.Integer">
    delete from flight
    where flight_id = #{flightId,jdbcType=INTEGER}
  </delete>
  <delete id="deleteByExample" parameterType="ssm.pojo.FlightExample">
    delete from flight
    <if test="_parameter != null">
      <include refid="Example_Where_Clause" />
    </if>
  </delete>
  <insert id="insert" parameterType="ssm.pojo.Flight">
    insert into flight (flight_id, flight_name, departureAirportId, 
      arrivalAirportId, departureTime, arrivalTime, 
      fare, airplane_id_fk, airline_id_fk
      )
    values (#{flightId,jdbcType=INTEGER}, #{flightName,jdbcType=VARCHAR}, #{departureairportid,jdbcType=INTEGER}, 
      #{arrivalairportid,jdbcType=INTEGER}, #{departuretime,jdbcType=TIME}, #{arrivaltime,jdbcType=TIME}, 
      #{fare,jdbcType=DOUBLE}, #{airplaneIdFk,jdbcType=INTEGER}, #{airlineIdFk,jdbcType=INTEGER}
      )
  </insert>
  <insert id="insertSelective" parameterType="ssm.pojo.Flight">
    insert into flight
    <trim prefix="(" suffix=")" suffixOverrides=",">
      <if test="flightId != null">
        flight_id,
      </if>
      <if test="flightName != null">
        flight_name,
      </if>
      <if test="departureairportid != null">
        departureAirportId,
      </if>
      <if test="arrivalairportid != null">
        arrivalAirportId,
      </if>
      <if test="departuretime != null">
        departureTime,
      </if>
      <if test="arrivaltime != null">
        arrivalTime,
      </if>
      <if test="fare != null">
        fare,
      </if>
      <if test="airplaneIdFk != null">
        airplane_id_fk,
      </if>
      <if test="airlineIdFk != null">
        airline_id_fk,
      </if>
    </trim>
    <trim prefix="values (" suffix=")" suffixOverrides=",">
      <if test="flightId != null">
        #{flightId,jdbcType=INTEGER},
      </if>
      <if test="flightName != null">
        #{flightName,jdbcType=VARCHAR},
      </if>
      <if test="departureairportid != null">
        #{departureairportid,jdbcType=INTEGER},
      </if>
      <if test="arrivalairportid != null">
        #{arrivalairportid,jdbcType=INTEGER},
      </if>
      <if test="departuretime != null">
        #{departuretime,jdbcType=TIME},
      </if>
      <if test="arrivaltime != null">
        #{arrivaltime,jdbcType=TIME},
      </if>
      <if test="fare != null">
        #{fare,jdbcType=DOUBLE},
      </if>
      <if test="airplaneIdFk != null">
        #{airplaneIdFk,jdbcType=INTEGER},
      </if>
      <if test="airlineIdFk != null">
        #{airlineIdFk,jdbcType=INTEGER},
      </if>
    </trim>
  </insert>
  <select id="countByExample" parameterType="ssm.pojo.FlightExample" resultType="java.lang.Integer">
    select count(*) from flight
    <if test="_parameter != null">
      <include refid="Example_Where_Clause" />
    </if>
  </select>
  <update id="updateByExampleSelective" parameterType="map">
    update flight
    <set>
      <if test="record.flightId != null">
        flight_id = #{record.flightId,jdbcType=INTEGER},
      </if>
      <if test="record.flightName != null">
        flight_name = #{record.flightName,jdbcType=VARCHAR},
      </if>
      <if test="record.departureairportid != null">
        departureAirportId = #{record.departureairportid,jdbcType=INTEGER},
      </if>
      <if test="record.arrivalairportid != null">
        arrivalAirportId = #{record.arrivalairportid,jdbcType=INTEGER},
      </if>
      <if test="record.departuretime != null">
        departureTime = #{record.departuretime,jdbcType=TIME},
      </if>
      <if test="record.arrivaltime != null">
        arrivalTime = #{record.arrivaltime,jdbcType=TIME},
      </if>
      <if test="record.fare != null">
        fare = #{record.fare,jdbcType=DOUBLE},
      </if>
      <if test="record.airplaneIdFk != null">
        airplane_id_fk = #{record.airplaneIdFk,jdbcType=INTEGER},
      </if>
      <if test="record.airlineIdFk != null">
        airline_id_fk = #{record.airlineIdFk,jdbcType=INTEGER},
      </if>
    </set>
    <if test="_parameter != null">
      <include refid="Update_By_Example_Where_Clause" />
    </if>
  </update>
  <update id="updateByExample" parameterType="map">
    update flight
    set flight_id = #{record.flightId,jdbcType=INTEGER},
      flight_name = #{record.flightName,jdbcType=VARCHAR},
      departureAirportId = #{record.departureairportid,jdbcType=INTEGER},
      arrivalAirportId = #{record.arrivalairportid,jdbcType=INTEGER},
      departureTime = #{record.departuretime,jdbcType=TIME},
      arrivalTime = #{record.arrivaltime,jdbcType=TIME},
      fare = #{record.fare,jdbcType=DOUBLE},
      airplane_id_fk = #{record.airplaneIdFk,jdbcType=INTEGER},
      airline_id_fk = #{record.airlineIdFk,jdbcType=INTEGER}
    <if test="_parameter != null">
      <include refid="Update_By_Example_Where_Clause" />
    </if>
  </update>
  <update id="updateByPrimaryKeySelective" parameterType="ssm.pojo.Flight">
    update flight
    <set>
      <if test="flightName != null">
        flight_name = #{flightName,jdbcType=VARCHAR},
      </if>
      <if test="departureairportid != null">
        departureAirportId = #{departureairportid,jdbcType=INTEGER},
      </if>
      <if test="arrivalairportid != null">
        arrivalAirportId = #{arrivalairportid,jdbcType=INTEGER},
      </if>
      <if test="departuretime != null">
        departureTime = #{departuretime,jdbcType=TIME},
      </if>
      <if test="arrivaltime != null">
        arrivalTime = #{arrivaltime,jdbcType=TIME},
      </if>
      <if test="fare != null">
        fare = #{fare,jdbcType=DOUBLE},
      </if>
      <if test="airplaneIdFk != null">
        airplane_id_fk = #{airplaneIdFk,jdbcType=INTEGER},
      </if>
      <if test="airlineIdFk != null">
        airline_id_fk = #{airlineIdFk,jdbcType=INTEGER},
      </if>
    </set>
    where flight_id = #{flightId,jdbcType=INTEGER}
  </update>
  <update id="updateByPrimaryKey" parameterType="ssm.pojo.Flight">
    update flight
    set flight_name = #{flightName,jdbcType=VARCHAR},
      departureAirportId = #{departureairportid,jdbcType=INTEGER},
      arrivalAirportId = #{arrivalairportid,jdbcType=INTEGER},
      departureTime = #{departuretime,jdbcType=TIME},
      arrivalTime = #{arrivaltime,jdbcType=TIME},
      fare = #{fare,jdbcType=DOUBLE},
      airplane_id_fk = #{airplaneIdFk,jdbcType=INTEGER},
      airline_id_fk = #{airlineIdFk,jdbcType=INTEGER}
    where flight_id = #{flightId,jdbcType=INTEGER}
  </update>
</mapper>