<?xml version="1.0" encoding="UTF-8"?>
<!DOCTYPE mapper PUBLIC "-//mybatis.org//DTD Mapper 3.0//EN" "http://mybatis.org/dtd/mybatis-3-mapper.dtd">
<mapper namespace="ssm.mapper.FlightinstanceMapper">
  <resultMap id="BaseResultMap" type="ssm.pojo.Flightinstance">
    <id column="flightInstance_id" jdbcType="INTEGER" property="flightinstanceId" />
    <result column="date" jdbcType="DATE" property="date" />
    <result column="flight_id_fk" jdbcType="INTEGER" property="flightIdFk" />
    <result column="seat" jdbcType="VARCHAR" property="seat" />
  </resultMap>
  <sql id="Example_Where_Clause">
    <where>
      <foreach collection="oredCriteria" item="criteria" separator="or">
        <if test="criteria.valid">
          <trim prefix="(" prefixOverrides="and" suffix=")">
            <foreach collection="criteria.criteria" item="criterion">
              <choose>
                <when test="criterion.noValue">
                  and ${criterion.condition}
                </when>
                <when test="criterion.singleValue">
                  and ${criterion.condition} #{criterion.value}
                </when>
                <when test="criterion.betweenValue">
                  and ${criterion.condition} #{criterion.value} and #{criterion.secondValue}
                </when>
                <when test="criterion.listValue">
                  and ${criterion.condition}
                  <foreach close=")" collection="criterion.value" item="listItem" open="(" separator=",">
                    #{listItem}
                  </foreach>
                </when>
              </choose>
            </foreach>
          </trim>
        </if>
      </foreach>
    </where>
  </sql>
  <sql id="Update_By_Example_Where_Clause">
    <where>
      <foreach collection="example.oredCriteria" item="criteria" separator="or">
        <if test="criteria.valid">
          <trim prefix="(" prefixOverrides="and" suffix=")">
            <foreach collection="criteria.criteria" item="criterion">
              <choose>
                <when test="criterion.noValue">
                  and ${criterion.condition}
                </when>
                <when test="criterion.singleValue">
                  and ${criterion.condition} #{criterion.value}
                </when>
                <when test="criterion.betweenValue">
                  and ${criterion.condition} #{criterion.value} and #{criterion.secondValue}
                </when>
                <when test="criterion.listValue">
                  and ${criterion.condition}
                  <foreach close=")" collection="criterion.value" item="listItem" open="(" separator=",">
                    #{listItem}
                  </foreach>
                </when>
              </choose>
            </foreach>
          </trim>
        </if>
      </foreach>
    </where>
  </sql>
  <sql id="Base_Column_List">
    flightInstance_id, date, flight_id_fk, seat
  </sql>
  <select id="selectByExample" parameterType="ssm.pojo.FlightinstanceExample" resultMap="BaseResultMap">
    select
    <if test="distinct">
      distinct
    </if>
    <include refid="Base_Column_List" />
    from flightinstance
    <if test="_parameter != null">
      <include refid="Example_Where_Clause" />
    </if>
    <if test="orderByClause != null">
      order by ${orderByClause}
    </if>
  </select>
  <select id="selectByPrimaryKey" parameterType="java.lang.Integer" resultMap="BaseResultMap">
    select 
    <include refid="Base_Column_List" />
    from flightinstance
    where flightInstance_id = #{flightinstanceId,jdbcType=INTEGER}
  </select>
  <delete id="deleteByPrimaryKey" parameterType="java.lang.Integer">
    delete from flightinstance
    where flightInstance_id = #{flightinstanceId,jdbcType=INTEGER}
  </delete>
  <delete id="deleteByExample" parameterType="ssm.pojo.FlightinstanceExample">
    delete from flightinstance
    <if test="_parameter != null">
      <include refid="Example_Where_Clause" />
    </if>
  </delete>
  <insert id="insert" parameterType="ssm.pojo.Flightinstance">
    insert into flightinstance (flightInstance_id, date, flight_id_fk, 
      seat)
    values (#{flightinstanceId,jdbcType=INTEGER}, #{date,jdbcType=DATE}, #{flightIdFk,jdbcType=INTEGER}, 
      #{seat,jdbcType=VARCHAR})
  </insert>
  <insert id="insertSelective" parameterType="ssm.pojo.Flightinstance">
    insert into flightinstance
    <trim prefix="(" suffix=")" suffixOverrides=",">
      <if test="flightinstanceId != null">
        flightInstance_id,
      </if>
      <if test="date != null">
        date,
      </if>
      <if test="flightIdFk != null">
        flight_id_fk,
      </if>
      <if test="seat != null">
        seat,
      </if>
    </trim>
    <trim prefix="values (" suffix=")" suffixOverrides=",">
      <if test="flightinstanceId != null">
        #{flightinstanceId,jdbcType=INTEGER},
      </if>
      <if test="date != null">
        #{date,jdbcType=DATE},
      </if>
      <if test="flightIdFk != null">
        #{flightIdFk,jdbcType=INTEGER},
      </if>
      <if test="seat != null">
        #{seat,jdbcType=VARCHAR},
      </if>
    </trim>
  </insert>
  <select id="countByExample" parameterType="ssm.pojo.FlightinstanceExample" resultType="java.lang.Integer">
    select count(*) from flightinstance
    <if test="_parameter != null">
      <include refid="Example_Where_Clause" />
    </if>
  </select>
  <update id="updateByExampleSelective" parameterType="map">
    update flightinstance
    <set>
      <if test="record.flightinstanceId != null">
        flightInstance_id = #{record.flightinstanceId,jdbcType=INTEGER},
      </if>
      <if test="record.date != null">
        date = #{record.date,jdbcType=DATE},
      </if>
      <if test="record.flightIdFk != null">
        flight_id_fk = #{record.flightIdFk,jdbcType=INTEGER},
      </if>
      <if test="record.seat != null">
        seat = #{record.seat,jdbcType=VARCHAR},
      </if>
    </set>
    <if test="_parameter != null">
      <include refid="Update_By_Example_Where_Clause" />
    </if>
  </update>
  <update id="updateByExample" parameterType="map">
    update flightinstance
    set flightInstance_id = #{record.flightinstanceId,jdbcType=INTEGER},
      date = #{record.date,jdbcType=DATE},
      flight_id_fk = #{record.flightIdFk,jdbcType=INTEGER},
      seat = #{record.seat,jdbcType=VARCHAR}
    <if test="_parameter != null">
      <include refid="Update_By_Example_Where_Clause" />
    </if>
  </update>
  <update id="updateByPrimaryKeySelective" parameterType="ssm.pojo.Flightinstance">
    update flightinstance
    <set>
      <if test="date != null">
        date = #{date,jdbcType=DATE},
      </if>
      <if test="flightIdFk != null">
        flight_id_fk = #{flightIdFk,jdbcType=INTEGER},
      </if>
      <if test="seat != null">
        seat = #{seat,jdbcType=VARCHAR},
      </if>
    </set>
    where flightInstance_id = #{flightinstanceId,jdbcType=INTEGER}
  </update>
  <update id="updateByPrimaryKey" parameterType="ssm.pojo.Flightinstance">
    update flightinstance
    set date = #{date,jdbcType=DATE},
      flight_id_fk = #{flightIdFk,jdbcType=INTEGER},
      seat = #{seat,jdbcType=VARCHAR}
    where flightInstance_id = #{flightinstanceId,jdbcType=INTEGER}
  </update>
</mapper>