<?xml version="1.0" encoding="UTF-8"?>
<!DOCTYPE mapper PUBLIC "-//mybatis.org//DTD Mapper 3.0//EN" "http://mybatis.org/dtd/mybatis-3-mapper.dtd">
<mapper namespace="ssm.mapper.OrderMapper">
  <resultMap id="BaseResultMap" type="ssm.pojo.Order">
    <id column="order_id" jdbcType="INTEGER" property="orderId" />
    <result column="flightInstance_id_fk" jdbcType="INTEGER" property="flightinstanceIdFk" />
  </resultMap>
  <sql id="Example_Where_Clause">
    <where>
      <foreach collection="oredCriteria" item="criteria" separator="or">
        <if test="criteria.valid">
          <trim prefix="(" prefixOverrides="and" suffix=")">
            <foreach collection="criteria.criteria" item="criterion">
              <choose>
                <when test="criterion.noValue">
                  and ${criterion.condition}
                </when>
                <when test="criterion.singleValue">
                  and ${criterion.condition} #{criterion.value}
                </when>
                <when test="criterion.betweenValue">
                  and ${criterion.condition} #{criterion.value} and #{criterion.secondValue}
                </when>
                <when test="criterion.listValue">
                  and ${criterion.condition}
                  <foreach close=")" collection="criterion.value" item="listItem" open="(" separator=",">
                    #{listItem}
                  </foreach>
                </when>
              </choose>
            </foreach>
          </trim>
        </if>
      </foreach>
    </where>
  </sql>
  <sql id="Update_By_Example_Where_Clause">
    <where>
      <foreach collection="example.oredCriteria" item="criteria" separator="or">
        <if test="criteria.valid">
          <trim prefix="(" prefixOverrides="and" suffix=")">
            <foreach collection="criteria.criteria" item="criterion">
              <choose>
                <when test="criterion.noValue">
                  and ${criterion.condition}
                </when>
                <when test="criterion.singleValue">
                  and ${criterion.condition} #{criterion.value}
                </when>
                <when test="criterion.betweenValue">
                  and ${criterion.condition} #{criterion.value} and #{criterion.secondValue}
                </when>
                <when test="criterion.listValue">
                  and ${criterion.condition}
                  <foreach close=")" collection="criterion.value" item="listItem" open="(" separator=",">
                    #{listItem}
                  </foreach>
                </when>
              </choose>
            </foreach>
          </trim>
        </if>
      </foreach>
    </where>
  </sql>
  <sql id="Base_Column_List">
    order_id, flightInstance_id_fk
  </sql>
  <select id="selectByExample" parameterType="ssm.pojo.OrderExample" resultMap="BaseResultMap">
    select
    <if test="distinct">
      distinct
    </if>
    <include refid="Base_Column_List" />
    from `order`
    <if test="_parameter != null">
      <include refid="Example_Where_Clause" />
    </if>
    <if test="orderByClause != null">
      order by ${orderByClause}
    </if>
  </select>
  <select id="selectByPrimaryKey" parameterType="java.lang.Integer" resultMap="BaseResultMap">
    select 
    <include refid="Base_Column_List" />
    from `order`
    where order_id = #{orderId,jdbcType=INTEGER}
  </select>
  <delete id="deleteByPrimaryKey" parameterType="java.lang.Integer">
    delete from `order`
    where order_id = #{orderId,jdbcType=INTEGER}
  </delete>
  <delete id="deleteByExample" parameterType="ssm.pojo.OrderExample">
    delete from `order`
    <if test="_parameter != null">
      <include refid="Example_Where_Clause" />
    </if>
  </delete>


  <!--这里改成了需要一个返回值，返回主键-->
  <insert id="insert" parameterType="ssm.pojo.Order" keyColumn="order_id" keyProperty="orderId" useGeneratedKeys="true">
    insert into `order` (order_id, flightInstance_id_fk)
    values (#{orderId,jdbcType=INTEGER}, #{flightinstanceIdFk,jdbcType=INTEGER})

    <selectKey keyProperty="orderId" order="AFTER" resultType="int">
      select LAST_INSERT_ID();
    </selectKey>
  </insert>
  <insert id="insertSelective" parameterType="ssm.pojo.Order">
    insert into `order`
    <trim prefix="(" suffix=")" suffixOverrides=",">
      <if test="orderId != null">
        order_id,
      </if>
      <if test="flightinstanceIdFk != null">
        flightInstance_id_fk,
      </if>
    </trim>
    <trim prefix="values (" suffix=")" suffixOverrides=",">
      <if test="orderId != null">
        #{orderId,jdbcType=INTEGER},
      </if>
      <if test="flightinstanceIdFk != null">
        #{flightinstanceIdFk,jdbcType=INTEGER},
      </if>
    </trim>
  </insert>
  <select id="countByExample" parameterType="ssm.pojo.OrderExample" resultType="java.lang.Integer">
    select count(*) from `order`
    <if test="_parameter != null">
      <include refid="Example_Where_Clause" />
    </if>
  </select>
  <update id="updateByExampleSelective" parameterType="map">
    update `order`
    <set>
      <if test="record.orderId != null">
        order_id = #{record.orderId,jdbcType=INTEGER},
      </if>
      <if test="record.flightinstanceIdFk != null">
        flightInstance_id_fk = #{record.flightinstanceIdFk,jdbcType=INTEGER},
      </if>
    </set>
    <if test="_parameter != null">
      <include refid="Update_By_Example_Where_Clause" />
    </if>
  </update>
  <update id="updateByExample" parameterType="map">
    update `order`
    set order_id = #{record.orderId,jdbcType=INTEGER},
      flightInstance_id_fk = #{record.flightinstanceIdFk,jdbcType=INTEGER}
    <if test="_parameter != null">
      <include refid="Update_By_Example_Where_Clause" />
    </if>
  </update>
  <update id="updateByPrimaryKeySelective" parameterType="ssm.pojo.Order">
    update `order`
    <set>
      <if test="flightinstanceIdFk != null">
        flightInstance_id_fk = #{flightinstanceIdFk,jdbcType=INTEGER},
      </if>
    </set>
    where order_id = #{orderId,jdbcType=INTEGER}
  </update>
  <update id="updateByPrimaryKey" parameterType="ssm.pojo.Order">
    update `order`
    set flightInstance_id_fk = #{flightinstanceIdFk,jdbcType=INTEGER}
    where order_id = #{orderId,jdbcType=INTEGER}
  </update>
</mapper>