<?xml version="1.0" encoding="UTF-8"?>
<!DOCTYPE mapper PUBLIC "-//mybatis.org//DTD Mapper 3.0//EN" "http://mybatis.org/dtd/mybatis-3-mapper.dtd">
<mapper namespace="ssm.mapper.PassengerMapper">
  <resultMap id="BaseResultMap" type="ssm.pojo.Passenger">
    <id column="passenger_id" jdbcType="INTEGER" property="passengerId" />
    <result column="passenger_name" jdbcType="VARCHAR" property="passengerName" />
    <result column="passenger_IDnumber" jdbcType="VARCHAR" property="passengerIdnumber" />
    <result column="phoneNumber" jdbcType="INTEGER" property="phonenumber" />
    <result column="passportNumber" jdbcType="VARCHAR" property="passportnumber" />
    <result column="account" jdbcType="INTEGER" property="account" />
  </resultMap>
  <sql id="Example_Where_Clause">
    <where>
      <foreach collection="oredCriteria" item="criteria" separator="or">
        <if test="criteria.valid">
          <trim prefix="(" prefixOverrides="and" suffix=")">
            <foreach collection="criteria.criteria" item="criterion">
              <choose>
                <when test="criterion.noValue">
                  and ${criterion.condition}
                </when>
                <when test="criterion.singleValue">
                  and ${criterion.condition} #{criterion.value}
                </when>
                <when test="criterion.betweenValue">
                  and ${criterion.condition} #{criterion.value} and #{criterion.secondValue}
                </when>
                <when test="criterion.listValue">
                  and ${criterion.condition}
                  <foreach close=")" collection="criterion.value" item="listItem" open="(" separator=",">
                    #{listItem}
                  </foreach>
                </when>
              </choose>
            </foreach>
          </trim>
        </if>
      </foreach>
    </where>
  </sql>
  <sql id="Update_By_Example_Where_Clause">
    <where>
      <foreach collection="example.oredCriteria" item="criteria" separator="or">
        <if test="criteria.valid">
          <trim prefix="(" prefixOverrides="and" suffix=")">
            <foreach collection="criteria.criteria" item="criterion">
              <choose>
                <when test="criterion.noValue">
                  and ${criterion.condition}
                </when>
                <when test="criterion.singleValue">
                  and ${criterion.condition} #{criterion.value}
                </when>
                <when test="criterion.betweenValue">
                  and ${criterion.condition} #{criterion.value} and #{criterion.secondValue}
                </when>
                <when test="criterion.listValue">
                  and ${criterion.condition}
                  <foreach close=")" collection="criterion.value" item="listItem" open="(" separator=",">
                    #{listItem}
                  </foreach>
                </when>
              </choose>
            </foreach>
          </trim>
        </if>
      </foreach>
    </where>
  </sql>
  <sql id="Base_Column_List">
    passenger_id, passenger_name, passenger_IDnumber, phoneNumber, passportNumber, account
  </sql>
  <select id="selectByExample" parameterType="ssm.pojo.PassengerExample" resultMap="BaseResultMap">
    select
    <if test="distinct">
      distinct
    </if>
    <include refid="Base_Column_List" />
    from passenger
    <if test="_parameter != null">
      <include refid="Example_Where_Clause" />
    </if>
    <if test="orderByClause != null">
      order by ${orderByClause}
    </if>
  </select>
  <select id="selectByPrimaryKey" parameterType="java.lang.Integer" resultMap="BaseResultMap">
    select 
    <include refid="Base_Column_List" />
    from passenger
    where passenger_id = #{passengerId,jdbcType=INTEGER}
  </select>
  <delete id="deleteByPrimaryKey" parameterType="java.lang.Integer">
    delete from passenger
    where passenger_id = #{passengerId,jdbcType=INTEGER}
  </delete>
  <delete id="deleteByExample" parameterType="ssm.pojo.PassengerExample">
    delete from passenger
    <if test="_parameter != null">
      <include refid="Example_Where_Clause" />
    </if>
  </delete>
  <insert id="insert" parameterType="ssm.pojo.Passenger">
    insert into passenger (passenger_id, passenger_name, passenger_IDnumber, 
      phoneNumber, passportNumber, account
      )
    values (#{passengerId,jdbcType=INTEGER}, #{passengerName,jdbcType=VARCHAR}, #{passengerIdnumber,jdbcType=VARCHAR}, 
      #{phonenumber,jdbcType=INTEGER}, #{passportnumber,jdbcType=VARCHAR}, #{account,jdbcType=INTEGER}
      )
  </insert>
  <insert id="insertSelective" parameterType="ssm.pojo.Passenger">
    insert into passenger
    <trim prefix="(" suffix=")" suffixOverrides=",">
      <if test="passengerId != null">
        passenger_id,
      </if>
      <if test="passengerName != null">
        passenger_name,
      </if>
      <if test="passengerIdnumber != null">
        passenger_IDnumber,
      </if>
      <if test="phonenumber != null">
        phoneNumber,
      </if>
      <if test="passportnumber != null">
        passportNumber,
      </if>
      <if test="account != null">
        account,
      </if>
    </trim>
    <trim prefix="values (" suffix=")" suffixOverrides=",">
      <if test="passengerId != null">
        #{passengerId,jdbcType=INTEGER},
      </if>
      <if test="passengerName != null">
        #{passengerName,jdbcType=VARCHAR},
      </if>
      <if test="passengerIdnumber != null">
        #{passengerIdnumber,jdbcType=VARCHAR},
      </if>
      <if test="phonenumber != null">
        #{phonenumber,jdbcType=INTEGER},
      </if>
      <if test="passportnumber != null">
        #{passportnumber,jdbcType=VARCHAR},
      </if>
      <if test="account != null">
        #{account,jdbcType=INTEGER},
      </if>
    </trim>
  </insert>
  <select id="countByExample" parameterType="ssm.pojo.PassengerExample" resultType="java.lang.Integer">
    select count(*) from passenger
    <if test="_parameter != null">
      <include refid="Example_Where_Clause" />
    </if>
  </select>
  <update id="updateByExampleSelective" parameterType="map">
    update passenger
    <set>
      <if test="record.passengerId != null">
        passenger_id = #{record.passengerId,jdbcType=INTEGER},
      </if>
      <if test="record.passengerName != null">
        passenger_name = #{record.passengerName,jdbcType=VARCHAR},
      </if>
      <if test="record.passengerIdnumber != null">
        passenger_IDnumber = #{record.passengerIdnumber,jdbcType=VARCHAR},
      </if>
      <if test="record.phonenumber != null">
        phoneNumber = #{record.phonenumber,jdbcType=INTEGER},
      </if>
      <if test="record.passportnumber != null">
        passportNumber = #{record.passportnumber,jdbcType=VARCHAR},
      </if>
      <if test="record.account != null">
        account = #{record.account,jdbcType=INTEGER},
      </if>
    </set>
    <if test="_parameter != null">
      <include refid="Update_By_Example_Where_Clause" />
    </if>
  </update>
  <update id="updateByExample" parameterType="map">
    update passenger
    set passenger_id = #{record.passengerId,jdbcType=INTEGER},
      passenger_name = #{record.passengerName,jdbcType=VARCHAR},
      passenger_IDnumber = #{record.passengerIdnumber,jdbcType=VARCHAR},
      phoneNumber = #{record.phonenumber,jdbcType=INTEGER},
      passportNumber = #{record.passportnumber,jdbcType=VARCHAR},
      account = #{record.account,jdbcType=INTEGER}
    <if test="_parameter != null">
      <include refid="Update_By_Example_Where_Clause" />
    </if>
  </update>
  <update id="updateByPrimaryKeySelective" parameterType="ssm.pojo.Passenger">
    update passenger
    <set>
      <if test="passengerName != null">
        passenger_name = #{passengerName,jdbcType=VARCHAR},
      </if>
      <if test="passengerIdnumber != null">
        passenger_IDnumber = #{passengerIdnumber,jdbcType=VARCHAR},
      </if>
      <if test="phonenumber != null">
        phoneNumber = #{phonenumber,jdbcType=INTEGER},
      </if>
      <if test="passportnumber != null">
        passportNumber = #{passportnumber,jdbcType=VARCHAR},
      </if>
      <if test="account != null">
        account = #{account,jdbcType=INTEGER},
      </if>
    </set>
    where passenger_id = #{passengerId,jdbcType=INTEGER}
  </update>
  <update id="updateByPrimaryKey" parameterType="ssm.pojo.Passenger">
    update passenger
    set passenger_name = #{passengerName,jdbcType=VARCHAR},
      passenger_IDnumber = #{passengerIdnumber,jdbcType=VARCHAR},
      phoneNumber = #{phonenumber,jdbcType=INTEGER},
      passportNumber = #{passportnumber,jdbcType=VARCHAR},
      account = #{account,jdbcType=INTEGER}
    where passenger_id = #{passengerId,jdbcType=INTEGER}
  </update>
</mapper>