<?xml version="1.0" encoding="UTF-8"?>
<!DOCTYPE mapper PUBLIC "-//mybatis.org//DTD Mapper 3.0//EN" "http://mybatis.org/dtd/mybatis-3-mapper.dtd">
<mapper namespace="ssm.mapper.PlaceordersMapper">
  <resultMap id="BaseResultMap" type="ssm.pojo.Placeorders">
    <id column="placeOrders_id" jdbcType="INTEGER" property="placeordersId" />
    <result column="order_id_fk" jdbcType="INTEGER" property="orderIdFk" />
    <result column="passenger_id_fk" jdbcType="INTEGER" property="passengerIdFk" />
    <result column="passenger_seat" jdbcType="INTEGER" property="passengerSeat" />
  </resultMap>
  <sql id="Example_Where_Clause">
    <where>
      <foreach collection="oredCriteria" item="criteria" separator="or">
        <if test="criteria.valid">
          <trim prefix="(" prefixOverrides="and" suffix=")">
            <foreach collection="criteria.criteria" item="criterion">
              <choose>
                <when test="criterion.noValue">
                  and ${criterion.condition}
                </when>
                <when test="criterion.singleValue">
                  and ${criterion.condition} #{criterion.value}
                </when>
                <when test="criterion.betweenValue">
                  and ${criterion.condition} #{criterion.value} and #{criterion.secondValue}
                </when>
                <when test="criterion.listValue">
                  and ${criterion.condition}
                  <foreach close=")" collection="criterion.value" item="listItem" open="(" separator=",">
                    #{listItem}
                  </foreach>
                </when>
              </choose>
            </foreach>
          </trim>
        </if>
      </foreach>
    </where>
  </sql>
  <sql id="Update_By_Example_Where_Clause">
    <where>
      <foreach collection="example.oredCriteria" item="criteria" separator="or">
        <if test="criteria.valid">
          <trim prefix="(" prefixOverrides="and" suffix=")">
            <foreach collection="criteria.criteria" item="criterion">
              <choose>
                <when test="criterion.noValue">
                  and ${criterion.condition}
                </when>
                <when test="criterion.singleValue">
                  and ${criterion.condition} #{criterion.value}
                </when>
                <when test="criterion.betweenValue">
                  and ${criterion.condition} #{criterion.value} and #{criterion.secondValue}
                </when>
                <when test="criterion.listValue">
                  and ${criterion.condition}
                  <foreach close=")" collection="criterion.value" item="listItem" open="(" separator=",">
                    #{listItem}
                  </foreach>
                </when>
              </choose>
            </foreach>
          </trim>
        </if>
      </foreach>
    </where>
  </sql>
  <sql id="Base_Column_List">
    placeOrders_id, order_id_fk, passenger_id_fk, passenger_seat
  </sql>
  <select id="selectByExample" parameterType="ssm.pojo.PlaceordersExample" resultMap="BaseResultMap">
    select
    <if test="distinct">
      distinct
    </if>
    <include refid="Base_Column_List" />
    from placeorders
    <if test="_parameter != null">
      <include refid="Example_Where_Clause" />
    </if>
    <if test="orderByClause != null">
      order by ${orderByClause}
    </if>
  </select>
  <select id="selectByPrimaryKey" parameterType="java.lang.Integer" resultMap="BaseResultMap">
    select 
    <include refid="Base_Column_List" />
    from placeorders
    where placeOrders_id = #{placeordersId,jdbcType=INTEGER}
  </select>
  <delete id="deleteByPrimaryKey" parameterType="java.lang.Integer">
    delete from placeorders
    where placeOrders_id = #{placeordersId,jdbcType=INTEGER}
  </delete>
  <delete id="deleteByExample" parameterType="ssm.pojo.PlaceordersExample">
    delete from placeorders
    <if test="_parameter != null">
      <include refid="Example_Where_Clause" />
    </if>
  </delete>
  <insert id="insert" parameterType="ssm.pojo.Placeorders">
    insert into placeorders (placeOrders_id, order_id_fk, passenger_id_fk, 
      passenger_seat)
    values (#{placeordersId,jdbcType=INTEGER}, #{orderIdFk,jdbcType=INTEGER}, #{passengerIdFk,jdbcType=INTEGER}, 
      #{passengerSeat,jdbcType=INTEGER})
  </insert>
  <insert id="insertSelective" parameterType="ssm.pojo.Placeorders">
    insert into placeorders
    <trim prefix="(" suffix=")" suffixOverrides=",">
      <if test="placeordersId != null">
        placeOrders_id,
      </if>
      <if test="orderIdFk != null">
        order_id_fk,
      </if>
      <if test="passengerIdFk != null">
        passenger_id_fk,
      </if>
      <if test="passengerSeat != null">
        passenger_seat,
      </if>
    </trim>
    <trim prefix="values (" suffix=")" suffixOverrides=",">
      <if test="placeordersId != null">
        #{placeordersId,jdbcType=INTEGER},
      </if>
      <if test="orderIdFk != null">
        #{orderIdFk,jdbcType=INTEGER},
      </if>
      <if test="passengerIdFk != null">
        #{passengerIdFk,jdbcType=INTEGER},
      </if>
      <if test="passengerSeat != null">
        #{passengerSeat,jdbcType=INTEGER},
      </if>
    </trim>
  </insert>
  <select id="countByExample" parameterType="ssm.pojo.PlaceordersExample" resultType="java.lang.Integer">
    select count(*) from placeorders
    <if test="_parameter != null">
      <include refid="Example_Where_Clause" />
    </if>
  </select>
  <update id="updateByExampleSelective" parameterType="map">
    update placeorders
    <set>
      <if test="record.placeordersId != null">
        placeOrders_id = #{record.placeordersId,jdbcType=INTEGER},
      </if>
      <if test="record.orderIdFk != null">
        order_id_fk = #{record.orderIdFk,jdbcType=INTEGER},
      </if>
      <if test="record.passengerIdFk != null">
        passenger_id_fk = #{record.passengerIdFk,jdbcType=INTEGER},
      </if>
      <if test="record.passengerSeat != null">
        passenger_seat = #{record.passengerSeat,jdbcType=INTEGER},
      </if>
    </set>
    <if test="_parameter != null">
      <include refid="Update_By_Example_Where_Clause" />
    </if>
  </update>
  <update id="updateByExample" parameterType="map">
    update placeorders
    set placeOrders_id = #{record.placeordersId,jdbcType=INTEGER},
      order_id_fk = #{record.orderIdFk,jdbcType=INTEGER},
      passenger_id_fk = #{record.passengerIdFk,jdbcType=INTEGER},
      passenger_seat = #{record.passengerSeat,jdbcType=INTEGER}
    <if test="_parameter != null">
      <include refid="Update_By_Example_Where_Clause" />
    </if>
  </update>
  <update id="updateByPrimaryKeySelective" parameterType="ssm.pojo.Placeorders">
    update placeorders
    <set>
      <if test="orderIdFk != null">
        order_id_fk = #{orderIdFk,jdbcType=INTEGER},
      </if>
      <if test="passengerIdFk != null">
        passenger_id_fk = #{passengerIdFk,jdbcType=INTEGER},
      </if>
      <if test="passengerSeat != null">
        passenger_seat = #{passengerSeat,jdbcType=INTEGER},
      </if>
    </set>
    where placeOrders_id = #{placeordersId,jdbcType=INTEGER}
  </update>
  <update id="updateByPrimaryKey" parameterType="ssm.pojo.Placeorders">
    update placeorders
    set order_id_fk = #{orderIdFk,jdbcType=INTEGER},
      passenger_id_fk = #{passengerIdFk,jdbcType=INTEGER},
      passenger_seat = #{passengerSeat,jdbcType=INTEGER}
    where placeOrders_id = #{placeordersId,jdbcType=INTEGER}
  </update>
</mapper>