<?xml version="1.0" encoding="UTF-8" ?>
<beans xmlns="http://www.springframework.org/schema/beans"
       xmlns:xsi="http://www.w3.org/2001/XMLSchema-instance"
       xmlns:context="http://www.springframework.org/schema/context"
       xmlns:aop="http://www.springframework.org/schema/aop"
       xmlns:tx="http://www.springframework.org/schema/tx"
       xsi:schemaLocation="http://www.springframework.org/schema/beans http://www.springframework.org/schema/beans/spring-beans.xsd
		http://www.springframework.org/schema/context
		http://www.springframework.org/schema/context/spring-context-4.3.xsd
		http://www.springframework.org/schema/aop
		http://www.springframework.org/schema/aop/spring-aop-4.3.xsd
		http://www.springframework.org/schema/tx
		http://www.springframework.org/schema/tx/spring-tx-4.3.xsd">
    <!-- 配置扫描包 扫描"edu.hbut"包下面的除了Controller注释的内容 -->
    <context:component-scan base-package="edu.hbut">
        <context:exclude-filter type="annotation" expression="org.springframework.stereotype.Controller" />
    </context:component-scan>

    <!-- 外部配置文件 -->
    <context:property-placeholder location="classpath:dbconfig.properties"/>

    <!--配置数据源-->
    <bean id="pooledDataSource" class="com.mchange.v2.c3p0.ComboPooledDataSource">
        <property name="jdbcUrl" value="${jdbc.jdbcUrl}"/>
        <property name="driverClass" value="${jdbc.driverClass}"/>
        <property name="user" value="${jdbc.user}"/>
        <property name="password" value="${jdbc.password}"/>

        <property name="maxPoolSize" value="30"/>
        <property name="minPoolSize" value="10"/>
        <property name="autoCommitOnClose" value="false"/>
        <!--<property name="checkoutTimeout" value="1000"/>-->
        <property name="acquireRetryAttempts" value="2"/>
    </bean>

    <!-- 配置MyBatis -->
    <bean id="sqlSessionFactory" class="org.mybatis.spring.SqlSessionFactoryBean">
        <property name="configLocation" value="classpath:mybatis-config.xml"/>
        <property name="dataSource" ref="pooledDataSource"/>
        <property name="mapperLocations" value="classpath:mapper/*.xml"/>
    </bean>

    <!-- 配置MyBatis接口扫描 -->
    <bean class="org.mybatis.spring.mapper.MapperScannerConfigurer">
        <property name="basePackage" value="edu.hbut.dao"/>
    </bean>

    <!-- 以下 validator  ConversionService 在使用 mvc:annotation-driven 会 自动注册-->
    <bean id="validator" class="org.springframework.validation.beanvalidation.LocalValidatorFactoryBean">
        <property name="providerClass" value="org.hibernate.validator.HibernateValidator"/>
    </bean>


    <!-- 配置事务 -->
    <bean id="transactionManager" class="org.springframework.jdbc.datasource.DataSourceTransactionManager">
        <property name="dataSource" ref="pooledDataSource"/>
    </bean>

    <!--  &lt;!&ndash;通过AOP配置提供事务增强，让service包下所有的bean的所有方法拥有事务-->
    <aop:config>
        <!-- 其中第一个*表示任意的返回值类型，第二个*表示包edu.hbut.service下的任意的class，
            第三个*表示包edu.hbut.service下的任意的class的任意方法，
            第四个括号内的..表示，任意方法中可以有0个或者多个参数。
         -->
        <aop:pointcut expression="execution(* edu.hbut.service..*(..))" id="txPoint"/>
        <aop:advisor advice-ref="txAdvice" pointcut-ref="txPoint"/>
    </aop:config>
    <!-- 开启AOP注解扫描 -->
    <tx:advice id="txAdvice" transaction-manager="transactionManager">
        <tx:attributes>
            <tx:method name="*"/>
            <tx:method name="get*" read-only="true"/>
        </tx:attributes>
    </tx:advice>

</beans>