<?xml version="1.0" encoding="UTF-8"?>
<beans xmlns="http://www.springframework.org/schema/beans"
       xmlns:xsi="http://www.w3.org/2001/XMLSchema-instance"
       xmlns:context="http://www.springframework.org/schema/context"
       xmlns:mvc="http://www.springframework.org/schema/mvc"
       xmlns:aop="http://www.springframework.org/schema/aop"
       xsi:schemaLocation="http://www.springframework.org/schema/mvc http://www.springframework.org/schema/mvc/spring-mvc-4.3.xsd
		http://www.springframework.org/schema/beans http://www.springframework.org/schema/beans/spring-beans.xsd
		http://www.springframework.org/schema/aop
		http://www.springframework.org/schema/aop/spring-aop-4.3.xsd
		http://www.springframework.org/schema/context http://www.springframework.org/schema/context/spring-context-4.3.xsd">

    <!-- SpringMVC配置文件 -->

    <!-- 配置扫描包 -->
    <context:component-scan base-package="edu.hbut" use-default-filters="false">
        <!--<context:include-filter type="annotation" expression="org.springframework.stereotype.Controller"/>-->
        <context:exclude-filter type="annotation" expression="org.springframework.stereotype.Service"/>
    </context:component-scan>

    <!-- 配置视图解析器 -->
    <bean class="org.springframework.web.servlet.view.InternalResourceViewResolver">
        <property name="prefix" value="/WEB-INF/views/"/>
        <property name="suffix" value=".jsp"/>
    </bean>

    <!--一定要记得Spring的配置和Spring MVC的配置一定要分开,就是因为把这句写在了Spring里面，搞了一天-->
    <!-- 通知spring使用cglib而不是jdk的来生成代理方法 AOP可以拦截到Controller -->
    <aop:aspectj-autoproxy proxy-target-class="true" />

    <bean id="validator" class="org.springframework.validation.beanvalidation.LocalValidatorFactoryBean">
        <property name="providerClass" value="org.hibernate.validator.HibernateValidator" />
        <property name="validationMessageSource" ref="messageSource" />
    </bean>

    <!-- 定义文件解释器 -->
    <bean id="multipartResolver" class="org.springframework.web.multipart.commons.CommonsMultipartResolver">
        <!-- 设置默认编码 -->
        <property name="defaultEncoding" value="utf-8"></property>
        <!-- 上传图片最大大小5M-->
        <property name="maxUploadSize" value="5242440"></property>
    </bean>

    <bean id="messageSource" class="org.springframework.context.support.ReloadableResourceBundleMessageSource">
        <property name="useCodeAsDefaultMessage" value="false" />
        <property name="defaultEncoding" value="UTF-8" />
        <property name="cacheSeconds" value="60" />
    </bean>

    <!-- 其它 -->
    <mvc:default-servlet-handler/>
    <mvc:annotation-driven/>

    <!-- SpringMVC配置文件 -->
    <context:component-scan base-package="edu.hbut" use-default-filters="false">
        <!-- 只扫描控制器 -->
        <context:include-filter type="annotation"
                                expression="org.springframework.stereotype.Controller"/>
    </context:component-scan>


</beans>
