<?xml version="1.0" encoding="UTF-8"?>
<beans xmlns="http://www.springframework.org/schema/beans"
	xmlns:xsi="http://www.w3.org/2001/XMLSchema-instance" xmlns:p="http://www.springframework.org/schema/p"
	xmlns:context="http://www.springframework.org/schema/context"
	xmlns:mvc="http://www.springframework.org/schema/mvc"
	xsi:schemaLocation="http://www.springframework.org/schema/beans http://www.springframework.org/schema/beans/spring-beans.xsd
        http://www.springframework.org/schema/mvc http://www.springframework.org/schema/mvc/spring-mvc-4.0.xsd
        http://www.springframework.org/schema/context http://www.springframework.org/schema/context/spring-context.xsd">

	<!-- 4.2 mapper的自动扫描 -->
	<context:component-scan base-package="ssm.mapper.*"/>
	<!-- 1. db.properties -->
     <context:property-placeholder location="classpath:resource/*.properties"/>
     
     <!-- 2. 配置datasource -->
     <bean id="dataSource" class="com.alibaba.druid.pool.DruidDataSource">
     		<property name="driverClassName" value="${jdbc.driver}" />
     		<property name="url" value="${jdbc.url}" />
     		<property name="username" value="${jdbc.username}" />
     		<property name="password" value="${jdbc.password}" />
     		<property name="maxActive" value="10" />
     		<property name="minIdle" value="5" />
     </bean>
     
     <!-- 3. sqlSessionFactoryBean -->
     <bean id="sqlSession" class="org.mybatis.spring.SqlSessionFactoryBean">
     		<property name="dataSource" ref="dataSource" />
     		<property name="configLocation" value="classpath:mybatis/SqlMapperClient.xml" />
     </bean>
     
      <!--4.1 mapper的自动扫描 -->
     <bean class="org.mybatis.spring.mapper.MapperScannerConfigurer">
     		<property name="basePackage" value="ssm.mapper" />
     		<property name="sqlSessionFactoryBeanName" value="sqlSession" />
     </bean>

</beans>